,Admin Institution,State,Total,Year
0,Deakin University,VIC,463652.0,2015
1,Sydney Local Health Network,NSW,419180.0,2015
2,James Cook University,QLD,419180.0,2015
3,University of Melbourne,VIC,419180.0,2015
4,University of Adelaide,SA,419180.0,2015
5,University of Western Sydney,NSW,419180.0,2015
6,University of New South Wales,NSW,463652.0,2015
7,University of Queensland,QLD,463652.0,2015
8,Monash University,VIC,419180.0,2015
9,Victor Chang Cardiac Research Institute,NSW,419180.0,2015
10,St Vincent's Institute of Medical Research,VIC,463652.0,2015
11,Monash University,VIC,463652.0,2015
12,University of Queensland,QLD,463652.0,2015
13,University of Sydney,NSW,463652.0,2015
14,Walter and Eliza Hall Institute,VIC,463652.0,2015
15,Griffith University,QLD,419180.0,2015
16,University of Melbourne,VIC,419180.0,2015
17,Walter and Eliza Hall Institute,VIC,463652.0,2015
18,University of Sydney,NSW,463652.0,2015
19,University of Queensland,QLD,419180.0,2015
20,University of Sydney,NSW,419180.0,2015
21,Monash University,VIC,419180.0,2015
22,University of Sydney,NSW,419180.0,2015
23,Deakin University,VIC,419180.0,2015
24,University of Queensland,QLD,419180.0,2015
25,Walter and Eliza Hall Institute,VIC,419180.0,2015
26,University of Melbourne,VIC,419180.0,2015
27,Deakin University,VIC,463652.0,2015
28,University of Queensland,QLD,419180.0,2015
29,University of Sydney,NSW,463652.0,2015
30,Murdoch Childrens Research Institute,VIC,419180.0,2015
31,University of Tasmania,TAS,463652.0,2015
32,University of New South Wales,NSW,419180.0,2015
33,Garvan Institute of Medical Research,NSW,419180.0,2015
34,University of Queensland,QLD,463652.0,2015
35,University of Melbourne,VIC,419180.0,2015
36,Murdoch Childrens Research Institute,VIC,419180.0,2015
37,Monash University,VIC,419180.0,2015
38,Baker IDI Heart and Diabetes Institute,VIC,419180.0,2015
39,Walter and Eliza Hall Institute,VIC,463652.0,2015
40,University of Technology Sydney,NSW,463652.0,2015
41,University of Melbourne,VIC,463652.0,2015
42,University of Newcastle,NSW,463652.0,2015
43,University of Sydney,NSW,419180.0,2015
44,University of Melbourne,VIC,463652.0,2015
45,University of Adelaide,SA,419180.0,2015
46,University of Sydney,NSW,463652.0,2015
47,University of Western Australia,WA,293426.0,2015
48,University of Western Australia,WA,293426.0,2015
49,Queensland Institute of Medical Research,QLD,463652.0,2015
50,University of Sydney,NSW,463652.0,2015
51,University of Melbourne,VIC,419180.0,2015
52,Queensland Institute of Medical Research,QLD,463652.0,2015
53,University of New South Wales,NSW,463652.0,2015
54,University of Sydney,NSW,463652.0,2015
55,Murdoch Childrens Research Institute,VIC,314644.0,2015
56,Monash University,VIC,344724.0,2015
57,University of Tasmania,TAS,314644.0,2015
58,University of Sydney,NSW,314644.0,2015
59,Monash University,VIC,490096.0,2015
60,University of Queensland,QLD,314644.0,2015
61,Centre for Eye Research Australia Ltd,VIC,366252.0,2015
62,Queensland University of Technology,QLD,314644.0,2015
63,University of South Australia,SA,314644.0,2015
64,University of Western Australia,WA,262250.8,2015
65,Menzies School of Health Research,NT,314644.0,2015
66,University of New South Wales,NSW,392052.0,2015
67,University of Western Australia,WA,187322.0,2015
68,University of Melbourne,VIC,187322.0,2015
69,University of Sydney,NSW,314644.0,2015
70,Central Queensland University,QLD,314644.0,2015
71,University of New South Wales,NSW,314644.0,2015
72,University of New South Wales,NSW,314644.0,2015
73,Australian National University,ACT,393972.0,2015
74,Walter and Eliza Hall Institute,VIC,354156.0,2015
75,University of Melbourne,VIC,370860.0,2015
76,Monash University,VIC,314644.0,2015
77,University of Queensland,QLD,314644.0,2015
78,Monash University,VIC,314644.0,2015
79,Monash University,VIC,470964.0,2015
80,Monash University,VIC,314644.0,2015
81,University of Melbourne,VIC,314644.0,2015
82,University of Queensland,QLD,314644.0,2015
83,Monash University,VIC,314644.0,2015
84,Walter and Eliza Hall Institute,VIC,433854.0,2015
85,Queensland Institute of Medical Research,QLD,314644.0,2015
86,University of Adelaide,SA,374676.0,2015
87,University of Melbourne,VIC,187322.0,2015
88,University of Queensland,QLD,344644.0,2015
89,University of Queensland,QLD,314644.0,2015
90,Centre for Eye Research Australia Ltd,VIC,187322.0,2015
91,University of New South Wales,NSW,314644.0,2015
92,Monash University,VIC,314644.0,2015
93,Centre for Eye Research Australia Ltd,VIC,329644.0,2015
94,University of Melbourne,VIC,314644.0,2015
95,La Trobe University,VIC,359916.0,2015
96,Australian National University,ACT,314644.0,2015
97,University of Western Australia,WA,314644.0,2015
98,University of New South Wales,NSW,344644.0,2015
99,University of Adelaide,SA,387804.0,2015
100,University of Sydney,NSW,314644.0,2015
101,Garvan Institute of Medical Research,NSW,463854.0,2015
102,Monash University,VIC,314644.0,2015
103,University of Sydney,NSW,371052.0,2015
104,St Vincent's Institute of Medical Research,VIC,396252.0,2015
105,Australian National University,ACT,351852.0,2015
106,Monash University,VIC,354156.0,2015
107,University of Queensland,QLD,314644.0,2015
108,University of Sydney,NSW,314644.0,2015
109,Garvan Institute of Medical Research,NSW,314644.0,2015
110,Monash University,VIC,314644.0,2015
111,University of Sydney,NSW,366252.0,2015
112,Monash University,VIC,314644.0,2015
113,University of Sydney,NSW,314644.0,2015
114,University of Melbourne,VIC,224786.4,2015
115,University of Adelaide,SA,340068.0,2015
116,University of Adelaide,SA,333900.0,2015
117,University of Melbourne,VIC,314644.0,2015
118,University of Queensland,QLD,333900.0,2015
119,Macfarlane Burnet Institute for Medical Research and Public Health,VIC,344644.0,2015
120,Murdoch Childrens Research Institute,VIC,262250.8,2015
121,University of Queensland,QLD,187322.0,2015
122,Griffith University,QLD,314644.0,2015
123,University of Queensland,QLD,314644.0,2015
124,Queensland Institute of Medical Research,QLD,370668.0,2015
125,University of Sydney,NSW,314644.0,2015
126,Queensland Institute of Medical Research,QLD,314644.0,2015
127,Monash University,VIC,251715.2,2015
128,University of Western Australia,WA,335292.0,2015
129,Queensland Institute of Medical Research,QLD,366252.0,2015
130,Monash University,VIC,262250.8,2015
131,Monash University,VIC,402396.0,2015
132,University of Melbourne,VIC,314644.0,2015
133,University of Sydney,NSW,314644.0,2015
134,University of Sydney,NSW,314644.0,2015
135,University of New South Wales,NSW,188786.4,2015
136,Macquarie University,NSW,314644.0,2015
137,University of Queensland,QLD,314644.0,2015
138,Monash University,VIC,351852.0,2015
139,Monash University,VIC,392052.0,2015
140,University of Newcastle,NSW,314644.0,2015
141,Queensland Institute of Medical Research,QLD,314644.0,2015
142,South Australian Health and Medical Research Institute (SAHMRI),SA,366252.0,2015
143,Monash University,VIC,314644.0,2015
144,Monash University,VIC,314644.0,2015
145,Monash University,VIC,187322.0,2015
146,University of South Australia,SA,314644.0,2015
147,Monash University,VIC,314644.0,2015
148,University of Sydney,NSW,314644.0,2015
149,University of New South Wales,NSW,314644.0,2015
150,University of New South Wales,NSW,314644.0,2015
151,University of Melbourne,VIC,344644.0,2015
152,St Vincent's Institute of Medical Research,VIC,354156.0,2015
153,University of Adelaide,SA,314644.0,2015
154,Monash University,VIC,314644.0,2015
155,Australian Catholic University,NSW,314644.0,2015
156,RMIT University,VIC,314644.0,2015
157,University of Adelaide,SA,329644.0,2015
158,University of Melbourne,VIC,344644.0,2015
159,University of Adelaide,SA,337179.6,2015
160,Murdoch Childrens Research Institute,VIC,314644.0,2015
161,University of Newcastle,NSW,314644.0,2015
162,Menzies School of Health Research,NT,314644.0,2015
163,Monash University,VIC,344644.0,2015
164,Menzies School of Health Research,NT,314644.0,2015
165,South Australian Health and Medical Research Institute (SAHMRI),SA,314644.0,2015
166,University of New South Wales,NSW,622655.0,2015
167,University of Queensland,QLD,622655.0,2015
168,University of Queensland,QLD,622655.0,2015
169,Australian National University,ACT,622655.0,2015
170,Walter and Eliza Hall Institute,VIC,622655.0,2015
171,University of Adelaide,SA,622655.0,2015
172,University of South Australia,SA,622655.0,2015
173,Baker IDI Heart and Diabetes Institute,VIC,622655.0,2015
174,University of Sydney,NSW,622655.0,2015
175,Australian National University,ACT,622655.0,2015
176,Murdoch Childrens Research Institute,VIC,622655.0,2015
177,University of Tasmania,TAS,622655.0,2015
178,Monash University,VIC,622655.0,2015
179,University of South Australia,SA,622655.0,2015
180,University of New South Wales,NSW,622655.0,2015
181,University of Queensland,QLD,622655.0,2015
182,University of Queensland,QLD,622655.0,2015
183,Victor Chang Cardiac Research Institute,NSW,622655.0,2015
184,University of Melbourne,VIC,622655.0,2015
185,Queensland Institute of Medical Research,QLD,687975.0,2015
186,University of Adelaide,SA,687975.0,2015
187,University of Sydney,NSW,687975.0,2015
188,University of Sydney,NSW,687975.0,2015
189,Macquarie University,NSW,687975.0,2015
190,University of Wollongong,NSW,687975.0,2015
191,University of Adelaide,SA,687975.0,2015
192,Murdoch Childrens Research Institute,VIC,687975.0,2015
193,Baker IDI Heart and Diabetes Institute,VIC,687975.0,2015
194,University of Newcastle,NSW,687975.0,2015
195,University of Queensland,QLD,687975.0,2015
196,University of Melbourne,VIC,687975.0,2015
197,University of Queensland,QLD,687975.0,2015
198,University of Queensland,QLD,687975.0,2015
199,University of Melbourne,VIC,687975.0,2015
200,South Australian Health and Medical Research Institute (SAHMRI),SA,753300.0,2015
201,University of Queensland,QLD,753300.0,2015
202,Garvan Institute of Medical Research,NSW,753300.0,2015
203,University of Queensland,QLD,753300.0,2015
204,Australian National University,ACT,753300.0,2015
205,Cancer Council Victoria,VIC,753300.0,2015
206,University of Sydney,NSW,753300.0,2015
207,Garvan Institute of Medical Research,NSW,753300.0,2015
208,University of Melbourne,VIC,753300.0,2015
209,University of Melbourne,VIC,753300.0,2015
210,Monash University,VIC,753300.0,2015
211,Walter and Eliza Hall Institute,VIC,753300.0,2015
212,University of Sydney,NSW,828300.0,2015
213,University of Melbourne,VIC,828300.0,2015
214,Centre for Eye Research Australia Ltd,VIC,828300.0,2015
215,University of Melbourne,VIC,851980.0,2015
216,Walter and Eliza Hall Institute,VIC,851980.0,2015
217,University of Queensland,QLD,851980.0,2015
218,University of South Australia,SA,851980.0,2015
219,Macfarlane Burnet Institute for Medical Research and Public Health,VIC,851980.0,2015
220,University of New South Wales,NSW,851980.0,2015
221,University of Sydney,NSW,851980.0,2015
222,Victor Chang Cardiac Research Institute,NSW,851980.0,2015
223,University of Melbourne,VIC,851980.0,2015
224,University of Sydney,NSW,851980.0,2015
225,Monash University,VIC,851980.0,2015
226,University of South Australia,SA,851980.0,2015
227,University of Melbourne,VIC,851980.0,2015
228,University of Queensland,QLD,926980.0,2015
229,Queensland Institute of Medical Research,QLD,926980.0,2015
230,Monash University,VIC,926980.0,2015
231,University of Sydney,NSW,926980.0,2015
232,University of Melbourne,VIC,926980.0,2015
233,Queensland Institute of Medical Research,QLD,926980.0,2015
234,Queensland Institute of Medical Research,QLD,926980.0,2015
235,University of South Australia,SA,851980.0,2015
236,Swinburne University of Technology,VIC,318768.0,2016
237,La Trobe University,VIC,318768.0,2016
238,La Trobe University,VIC,255014.4,2016
239,University of New South Wales,NSW,318768.0,2016
240,University of Melbourne,VIC,318768.0,2016
241,University of Queensland,QLD,318768.0,2016
242,University of Queensland,QLD,189384.0,2016
243,University of Melbourne,VIC,318768.0,2016
244,University of Newcastle,NSW,318768.0,2016
245,University of Queensland,QLD,265137.6,2016
246,University of Sydney,NSW,318768.0,2016
247,Monash University,VIC,318768.0,2016
248,University of Sydney,NSW,318768.0,2016
249,Deakin University,VIC,318768.0,2016
250,University of Newcastle,NSW,318768.0,2016
251,Murdoch Childrens Research Institute,VIC,318768.0,2016
252,Menzies School of Health Research,NT,318768.0,2016
253,Menzies School of Health Research,NT,303014.4,2016
254,University of Sydney,NSW,340891.2,2016
255,University of Melbourne,VIC,223137.6,2016
256,University of Melbourne,VIC,340891.2,2016
257,University of Melbourne,VIC,318768.0,2016
258,Griffith University,QLD,318768.0,2016
259,Menzies School of Health Research,NT,318768.0,2016
260,University of Melbourne,VIC,318768.0,2016
261,University of Queensland,QLD,318768.0,2016
262,Macquarie University,NSW,318768.0,2016
263,University of Melbourne,VIC,303014.4,2016
264,University of Queensland,QLD,318768.0,2016
265,University of Queensland,QLD,318768.0,2016
266,University of New South Wales,NSW,255014.4,2016
267,University of Melbourne,VIC,318768.0,2016
268,University of Melbourne,VIC,265137.6,2016
269,University of Sydney,NSW,318768.0,2016
270,University of Tasmania,TAS,318768.0,2016
271,Monash University,VIC,318768.0,2016
272,University of Sydney,NSW,318768.0,2016
273,University of New South Wales,NSW,318768.0,2016
274,Murdoch Childrens Research Institute,VIC,318768.0,2016
275,University of South Australia,SA,318768.0,2016
276,Monash University,VIC,318768.0,2016
277,University of Melbourne,VIC,303014.4,2016
278,University of New South Wales,NSW,318768.0,2016
279,University of Queensland,QLD,318768.0,2016
280,Menzies School of Health Research,NT,189384.0,2016
281,University of Melbourne,VIC,318768.0,2016
282,University of Melbourne,VIC,303014.4,2016
283,Centenary Institute of Cancer Medicine and Cell Biology,NSW,318768.0,2016
284,Walter and Eliza Hall Institute,VIC,318768.0,2016
285,James Cook University,QLD,318768.0,2016
286,Macquarie University,NSW,318768.0,2016
287,University of Sydney,NSW,318768.0,2016
288,University of Queensland,QLD,318768.0,2016
289,Deakin University,VIC,318768.0,2016
290,Walter and Eliza Hall Institute,VIC,318768.0,2016
291,University of New South Wales,NSW,189384.0,2016
292,Monash University,VIC,265137.6,2016
293,Queensland Institute of Medical Research,QLD,318768.0,2016
294,University of Sydney,NSW,348768.0,2016
295,University of Adelaide,SA,318768.0,2016
296,Monash University,VIC,318768.0,2016
297,University of Newcastle,NSW,318768.0,2016
298,University of Western Australia,WA,303014.4,2016
299,University of Sydney,NSW,318768.0,2016
300,University of South Australia,SA,318768.0,2016
301,Walter and Eliza Hall Institute,VIC,318768.0,2016
302,Monash University,VIC,318768.0,2016
303,Central Queensland University,QLD,318768.0,2016
304,Murdoch Childrens Research Institute,VIC,265137.6,2016
305,University of Wollongong,NSW,318768.0,2016
306,South Australian Health and Medical Research Institute (SAHMRI),SA,318768.0,2016
307,University of New South Wales,NSW,318768.0,2016
308,Baker IDI Heart and Diabetes Institute,VIC,318768.0,2016
309,Metro South Hospital and Health Service,QLD,189384.0,2016
310,Murdoch Childrens Research Institute,VIC,318768.0,2016
311,Monash University,VIC,255014.4,2016
312,Murdoch Childrens Research Institute,VIC,318768.0,2016
313,University of Melbourne,VIC,318768.0,2016
314,Murdoch Childrens Research Institute,VIC,318768.0,2016
315,University of Adelaide,SA,318768.0,2016
316,University of New South Wales,NSW,318768.0,2016
317,Centre for Eye Research Australia Ltd,VIC,189384.0,2016
318,Australian National University,ACT,318768.0,2016
319,Murdoch Childrens Research Institute,VIC,318768.0,2016
320,University of Newcastle,NSW,318768.0,2016
321,Bionic Ear Institute,VIC,227260.8,2016
322,University of New South Wales,NSW,318768.0,2016
323,Macfarlane Burnet Institute for Medical Research and Public Health,VIC,318768.0,2016
324,University of Sydney,NSW,318768.0,2016
325,Flinders University,SA,189384.0,2016
326,Monash University,VIC,189384.0,2016
327,University of Western Australia,WA,189384.0,2016
328,Baker IDI Heart and Diabetes Institute,VIC,419768.0,2016
329,University of South Australia,SA,408768.0,2016
330,University of New South Wales,NSW,408768.0,2016
331,Australian National University,ACT,408768.0,2016
332,Walter and Eliza Hall Institute,VIC,408768.0,2016
333,La Trobe University,VIC,408768.0,2016
334,University of Western Australia,WA,408768.0,2016
335,Australian National University,ACT,408768.0,2016
336,University of Sydney,NSW,408768.0,2016
337,Macfarlane Burnet Institute for Medical Research and Public Health,VIC,408768.0,2016
338,University of Sydney,NSW,408768.0,2016
339,Walter and Eliza Hall Institute,VIC,408768.0,2016
340,University of Sydney,NSW,408768.0,2016
341,Centenary Institute of Cancer Medicine and Cell Biology,NSW,438768.0,2016
342,University of Sydney,NSW,408768.0,2016
343,University of New South Wales,NSW,438768.0,2016
344,University of Queensland,QLD,408768.0,2016
345,University of South Australia,SA,408768.0,2016
346,St Vincent's Institute of Medical Research,VIC,408768.0,2016
347,Monash University,VIC,408768.0,2016
348,University of Newcastle,NSW,408768.0,2016
349,University of Sydney,NSW,384768.0,2016
350,University of Sydney,NSW,408768.0,2016
351,Monash University,VIC,408768.0,2016
352,University of New South Wales,NSW,408768.0,2016
353,Florey Institute of Neuroscience and Mental Health,VIC,763845.0,2016
354,Walter and Eliza Hall Institute,VIC,863910.0,2016
355,Garvan Institute of Medical Research,NSW,938910.0,2016
356,Walter and Eliza Hall Institute,VIC,863910.0,2016
357,University of New South Wales,NSW,631370.0,2016
358,Victor Chang Cardiac Research Institute,NSW,838845.0,2016
359,Walter and Eliza Hall Institute,VIC,706370.0,2016
360,University of Western Australia,WA,631370.0,2016
361,Australian National University,ACT,763845.0,2016
362,University of Queensland,QLD,863910.0,2016
363,Monash University,VIC,631370.0,2016
364,University of Melbourne,VIC,863910.0,2016
365,Queensland Institute of Medical Research,QLD,863910.0,2016
366,University of Sydney,NSW,863910.0,2016
367,University of New South Wales,NSW,763845.0,2016
368,Walter and Eliza Hall Institute,VIC,706370.0,2016
369,University of Western Australia,WA,697605.0,2016
370,University of Melbourne,VIC,763845.0,2016
371,Florey Institute of Neuroscience and Mental Health,VIC,763845.0,2016
372,St Vincent's Institute of Medical Research,VIC,631370.0,2016
373,University of New South Wales,NSW,938910.0,2016
374,St Vincent's Institute of Medical Research,VIC,863910.0,2016
375,Monash University,VIC,838845.0,2016
376,University of New South Wales,NSW,838845.0,2016
377,Baker IDI Heart and Diabetes Institute,VIC,763845.0,2016
378,Walter and Eliza Hall Institute,VIC,863910.0,2016
379,University of Western Australia,WA,631370.0,2016
380,Florey Institute of Neuroscience and Mental Health,VIC,763845.0,2016
381,Monash University,VIC,763845.0,2016
382,James Cook University,QLD,938910.0,2016
383,University of Western Australia,WA,838845.0,2016
384,Monash University,VIC,938910.0,2016
385,University of New South Wales,NSW,772605.0,2016
386,Murdoch Childrens Research Institute,VIC,763845.0,2016
387,Monash University,VIC,763845.0,2016
388,University of Melbourne,VIC,631370.0,2016
389,Queensland Institute of Medical Research,QLD,863910.0,2016
390,Monash University,VIC,631370.0,2016
391,University of South Australia,SA,631370.0,2016
392,Florey Institute of Neuroscience and Mental Health,VIC,697605.0,2016
393,Macfarlane Burnet Institute for Medical Research and Public Health,VIC,706370.0,2016
394,University of Melbourne,VIC,863910.0,2016
395,Queensland University of Technology,QLD,631370.0,2016
396,Australian National University,ACT,763845.0,2016
397,Baker IDI Heart and Diabetes Institute,VIC,631370.0,2016
398,University of Melbourne,VIC,863910.0,2016
399,University of Adelaide,SA,697605.0,2016
400,Queensland University of Technology,QLD,863910.0,2016
401,Queensland Institute of Medical Research,QLD,763845.0,2016
402,Baker IDI Heart and Diabetes Institute,VIC,631370.0,2016
403,University of South Australia,SA,763845.0,2016
404,Baker IDI Heart and Diabetes Institute,VIC,863910.0,2016
405,Queensland Institute of Medical Research,QLD,631370.0,2016
406,Victor Chang Cardiac Research Institute,NSW,863910.0,2016
407,University of Melbourne,VIC,763845.0,2016
408,Garvan Institute of Medical Research,NSW,863910.0,2016
409,Queensland Institute of Medical Research,QLD,631370.0,2016
410,University of Newcastle,NSW,631370.0,2016
411,University of Queensland,QLD,763845.0,2016
412,Queensland University of Technology,QLD,706370.0,2016
413,University of New South Wales,NSW,763845.0,2016
414,University of Melbourne,VIC,631370.0,2016
415,University of Western Australia,WA,763845.0,2016
416,University of Western Australia,WA,763845.0,2016
417,University of Sydney,NSW,838845.0,2016
418,University of Queensland,QLD,763845.0,2016
419,University of Sydney,NSW,863910.0,2016
420,University of Sydney,NSW,763845.0,2016
421,University of New South Wales,NSW,631370.0,2016
422,University of Sydney,NSW,863910.0,2016
423,Walter and Eliza Hall Institute,VIC,697605.0,2016
424,University of Queensland,QLD,763845.0,2016
425,Walter and Eliza Hall Institute,VIC,772605.0,2016
426,University of New South Wales,NSW,631370.0,2016
427,University of New South Wales,NSW,838845.0,2016
428,Queensland Institute of Medical Research,QLD,697605.0,2016
429,University of New South Wales,NSW,772605.0,2016
430,University of New South Wales,NSW,470144.0,2016
431,Queensland University of Technology,QLD,425048.0,2016
432,University of Queensland,QLD,425048.0,2016
433,University of Queensland,QLD,470144.0,2016
434,Queensland University of Technology,QLD,470144.0,2016
435,St Vincent's Institute of Medical Research,VIC,470144.0,2016
436,Macquarie University,NSW,425048.0,2016
437,RMIT University,VIC,470144.0,2016
438,University of New South Wales,NSW,470144.0,2016
439,University of Newcastle,NSW,470144.0,2016
440,Murdoch Childrens Research Institute,VIC,470144.0,2016
441,University of Sydney,NSW,425048.0,2016
442,University of New South Wales,NSW,425048.0,2016
443,University of Melbourne,VIC,425048.0,2016
444,Murdoch Childrens Research Institute,VIC,329100.8,2016
445,University of Queensland,QLD,470144.0,2016
446,Murdoch Childrens Research Institute,VIC,470144.0,2016
447,University of Melbourne,VIC,425048.0,2016
448,Monash University,VIC,425048.0,2016
449,Walter and Eliza Hall Institute,VIC,470144.0,2016
450,Flinders University,SA,470144.0,2016
451,University of Melbourne,VIC,425048.0,2016
452,University of Adelaide,SA,425048.0,2016
453,Murdoch Childrens Research Institute,VIC,470144.0,2016
454,University of Western Australia,WA,425048.0,2016
455,University of South Australia,SA,425048.0,2016
456,University of New South Wales,NSW,425048.0,2016
457,University of Western Australia,WA,340038.4,2016
458,University of New South Wales,NSW,470144.0,2016
459,University of Melbourne,VIC,470144.0,2016
460,University of Queensland,QLD,470144.0,2016
461,University of Melbourne,VIC,425048.0,2016
462,La Trobe University,VIC,425048.0,2016
463,University of Melbourne,VIC,425048.0,2016
464,University of New South Wales,NSW,470144.0,2016
465,Walter and Eliza Hall Institute,VIC,470144.0,2016
466,University of New South Wales,NSW,425048.0,2016
467,University of Melbourne,VIC,470144.0,2016
468,University of Sydney,NSW,470144.0,2016
469,La Trobe University,VIC,425048.0,2016
470,Australian National University,ACT,425048.0,2016
471,Queensland Institute of Medical Research,QLD,425048.0,2016
472,University of Queensland,QLD,470144.0,2016
473,University of New South Wales,NSW,340038.4,2016
474,Monash University,VIC,425048.0,2016
475,Monash University,VIC,425048.0,2016
476,Monash University,VIC,425048.0,2016
477,Walter and Eliza Hall Institute,VIC,425048.0,2016
478,Florey Institute of Neuroscience and Mental Health,VIC,425048.0,2016
479,University of Western Australia,WA,425048.0,2016
480,University of Queensland,QLD,425048.0,2016
481,University of New South Wales,NSW,425048.0,2016
482,University of South Australia,SA,470144.0,2016
483,Curtin University of Technology,WA,425048.0,2016
484,Walter and Eliza Hall Institute,VIC,470144.0,2016
485,Swinburne University of Technology,VIC,425048.0,2016
486,University of New South Wales,NSW,470144.0,2016
487,Australian National University,ACT,425048.0,2016
488,Monash University,VIC,340038.4,2016
489,University of Melbourne,VIC,425048.0,2016
490,Monash University,VIC,431000.0,2017
491,Macquarie University,NSW,431000.0,2017
492,University of Melbourne,VIC,476728.0,2017
493,University of Sydney,NSW,431000.0,2017
494,University of Melbourne,VIC,431000.0,2017
495,University of New South Wales,NSW,431000.0,2017
496,University of New South Wales,NSW,476728.0,2017
497,Monash University,VIC,476728.0,2017
498,Victoria University,VIC,431000.0,2017
499,James Cook University,QLD,431000.0,2017
500,Monash University,VIC,431000.0,2017
501,University of New South Wales,NSW,431000.0,2017
502,University of Queensland,QLD,431000.0,2017
503,University of Melbourne,VIC,431000.0,2017
504,University of New South Wales,NSW,476728.0,2017
505,James Cook University,QLD,431000.0,2017
506,Walter and Eliza Hall Institute,VIC,476728.0,2017
507,University of Melbourne,VIC,476728.0,2017
508,Murdoch Childrens Research Institute,VIC,431000.0,2017
509,Macfarlane Burnet Institute for Medical Research and Public Health,VIC,431000.0,2017
510,University of Queensland,QLD,431000.0,2017
511,University of South Australia,SA,431000.0,2017
512,University of Melbourne,VIC,431000.0,2017
513,University of Melbourne,VIC,333709.6,2017
514,University of Sydney,NSW,476728.0,2017
515,Menzies School of Health Research,NT,258600.0,2017
516,University of Newcastle,NSW,431000.0,2017
517,University of Melbourne,VIC,431000.0,2017
518,Walter and Eliza Hall Institute,VIC,431000.0,2017
519,University of Melbourne,VIC,476728.0,2017
520,University of Newcastle,NSW,431000.0,2017
521,University of New South Wales,NSW,431000.0,2017
522,Monash University,VIC,431000.0,2017
523,Murdoch Childrens Research Institute,VIC,431000.0,2017
524,University of New South Wales,NSW,476728.0,2017
525,University of New South Wales,NSW,476728.0,2017
526,Australian Catholic University,NSW,431000.0,2017
527,University of New South Wales,NSW,476728.0,2017
528,Monash University,VIC,476728.0,2017
529,University of New South Wales,NSW,476728.0,2017
530,University of New South Wales,NSW,476728.0,2017
531,University of Melbourne,VIC,431000.0,2017
532,University of Sydney,NSW,476728.0,2017
533,University of Melbourne,VIC,476728.0,2017
534,University of Melbourne,VIC,476728.0,2017
535,Deakin University,VIC,476728.0,2017
536,Australian National University,ACT,476728.0,2017
537,University of Melbourne,VIC,431000.0,2017
538,Murdoch Childrens Research Institute,VIC,476728.0,2017
539,University of Sydney,NSW,190691.2,2017
540,University of Sydney,NSW,476728.0,2017
541,University of Adelaide,SA,431000.0,2017
542,University of Sydney,NSW,258600.0,2017
543,University of New South Wales,NSW,431000.0,2017
544,Queensland Institute of Medical Research,QLD,431000.0,2017
545,University of Queensland,QLD,476728.0,2017
546,University of Sydney,NSW,431000.0,2017
547,Monash University,VIC,476728.0,2017
548,University of Wollongong,NSW,431000.0,2017
549,University of Western Australia,WA,431000.0,2017
550,Macquarie University,NSW,431000.0,2017
551,University of Queensland,QLD,322952.0,2017
552,Monash University,VIC,322952.0,2017
553,University of Adelaide,SA,322952.0,2017
554,University of Melbourne,VIC,322952.0,2017
555,University of Sydney,NSW,322952.0,2017
556,University of Western Australia,WA,344656.8,2017
557,Murdoch University,WA,322952.0,2017
558,Monash University,VIC,322952.0,2017
559,University of New South Wales,NSW,322952.0,2017
560,University of Queensland,QLD,322952.0,2017
561,University of Melbourne,VIC,306361.6,2017
562,La Trobe University,VIC,191476.0,2017
563,Curtin University of Technology,WA,322952.0,2017
564,University of Queensland,QLD,322952.0,2017
565,University of Adelaide,SA,322952.0,2017
566,University of Sydney,NSW,322952.0,2017
567,Griffith University,QLD,322952.0,2017
568,University of Adelaide,SA,322952.0,2017
569,University of Melbourne,VIC,268066.4,2017
570,University of New South Wales,NSW,322952.0,2017
571,University of Sydney,NSW,322952.0,2017
572,Menzies School of Health Research,NT,268066.4,2017
573,Murdoch Childrens Research Institute,VIC,344656.8,2017
574,University of Melbourne,VIC,229771.2,2017
575,University of New South Wales,NSW,322952.0,2017
576,University of New South Wales,NSW,322952.0,2017
577,University of New South Wales,NSW,322952.0,2017
578,University of Tasmania,TAS,322952.0,2017
579,Monash University,VIC,322952.0,2017
580,University of Adelaide,SA,322952.0,2017
581,Monash University,VIC,344656.8,2017
582,James Cook University,QLD,322952.0,2017
583,University of Tasmania,TAS,322952.0,2017
584,University of Melbourne,VIC,306361.6,2017
585,University of Queensland,QLD,322952.0,2017
586,University of Adelaide,SA,322952.0,2017
587,University of New South Wales,NSW,322952.0,2017
588,Monash University,VIC,290656.8,2017
589,Griffith University,QLD,322952.0,2017
590,University of Queensland,QLD,322952.0,2017
591,University of Sydney,NSW,322952.0,2017
592,University of Adelaide,SA,322952.0,2017
593,University of New South Wales,NSW,322952.0,2017
594,Monash University,VIC,344656.8,2017
595,University of Western Australia,WA,322952.0,2017
596,University of South Australia,SA,322952.0,2017
597,University of New South Wales,NSW,191476.0,2017
598,University of Melbourne,VIC,322952.0,2017
599,La Trobe University,VIC,322952.0,2017
600,University of New South Wales,NSW,322952.0,2017
601,University of New South Wales,NSW,322952.0,2017
602,Menzies School of Health Research,NT,333952.0,2017
603,University of Melbourne,VIC,191476.0,2017
604,Monash University,VIC,352952.0,2017
605,University of Newcastle,NSW,322952.0,2017
606,La Trobe University,VIC,290656.8,2017
607,Swinburne University of Technology,VIC,322952.0,2017
608,University of Queensland,QLD,193771.2,2017
609,University of Melbourne,VIC,306361.6,2017
610,University of Western Australia,WA,344656.8,2017
611,University of Melbourne,VIC,268066.4,2017
612,Monash University,VIC,352952.0,2017
613,Monash University,VIC,191476.0,2017
614,University of Adelaide,SA,322952.0,2017
615,University of Queensland,QLD,322952.0,2017
616,University of Western Australia,WA,290656.8,2017
617,University of Melbourne,VIC,344656.8,2017
618,University of Sydney,NSW,322952.0,2017
619,St Vincent's Institute of Medical Research,VIC,322952.0,2017
620,University of Queensland,QLD,322952.0,2017
621,University of Melbourne,VIC,352952.0,2017
622,Queensland University of Technology,QLD,322952.0,2017
623,Macquarie University,NSW,322952.0,2017
624,Monash University,VIC,322952.0,2017
625,University of Sydney,NSW,322952.0,2017
626,University of New South Wales,NSW,322952.0,2017
627,Murdoch Childrens Research Institute,VIC,229771.2,2017
628,Monash University,VIC,191476.0,2017
629,University of Sydney,NSW,322952.0,2017
630,University of Western Australia,WA,322952.0,2017
631,University of Sydney,NSW,229771.2,2017
632,Monash University,VIC,322952.0,2017
633,University of Queensland,QLD,290656.8,2017
634,Macfarlane Burnet Institute for Medical Research and Public Health,VIC,352952.0,2017
635,University of Sydney,NSW,322952.0,2017
636,Baker Heart and Diabetes Institute,VIC,322952.0,2017
637,University of Sydney,NSW,191476.0,2017
638,University of Sydney,NSW,322952.0,2017
639,Monash University,VIC,193771.2,2017
640,Walter and Eliza Hall Institute,VIC,322952.0,2017
641,South Australian Health and Medical Research Institute (SAHMRI),SA,191476.0,2017
642,La Trobe University,VIC,322952.0,2017
643,University of Adelaide,SA,352952.0,2017
644,Monash University,VIC,161476.0,2017
645,University of New South Wales,NSW,306361.6,2017
646,University of New South Wales,NSW,322952.0,2017
647,University of Sydney,NSW,159180.8,2017
648,University of Newcastle,NSW,412952.0,2017
649,University of Sydney,NSW,412952.0,2017
650,Monash University,VIC,412952.0,2017
651,Curtin University of Technology,WA,388952.0,2017
652,University of Queensland,QLD,412952.0,2017
653,University of New South Wales,NSW,412952.0,2017
654,University of Adelaide,SA,412952.0,2017
655,University of Sydney,NSW,442952.0,2017
656,Monash University,VIC,412952.0,2017
657,University of Adelaide,SA,418952.0,2017
658,Baker Heart and Diabetes Institute,VIC,412952.0,2017
659,Walter and Eliza Hall Institute,VIC,388952.0,2017
660,Monash University,VIC,412952.0,2017
661,University of Adelaide,SA,412952.0,2017
662,Queensland Institute of Medical Research,QLD,412952.0,2017
663,University of South Australia,SA,412952.0,2017
664,University of Melbourne,VIC,412952.0,2017
665,Garvan Institute of Medical Research,NSW,412952.0,2017
666,Florey Institute of Neuroscience and Mental Health,VIC,412952.0,2017
667,University of New South Wales,NSW,412952.0,2017
668,University of Melbourne,VIC,412952.0,2017
669,La Trobe University,VIC,442952.0,2017
670,Florey Institute of Neuroscience and Mental Health,VIC,412952.0,2017
671,University of Melbourne,VIC,876005.0,2017
672,University of New South Wales,NSW,876005.0,2017
673,Menzies School of Health Research,NT,951005.0,2017
674,Florey Institute of Neuroscience and Mental Health,VIC,707370.0,2017
675,Monash University,VIC,951005.0,2017
676,Walter and Eliza Hall Institute,VIC,876005.0,2017
677,Victor Chang Cardiac Research Institute,NSW,774540.0,2017
678,University of Queensland,QLD,640210.0,2017
679,University of Sydney,NSW,707370.0,2017
680,Walter and Eliza Hall Institute,VIC,876005.0,2017
681,University of South Australia,SA,640210.0,2017
682,Australian National University,ACT,707370.0,2017
683,Queensland Institute of Medical Research,QLD,640210.0,2017
684,South Australian Health and Medical Research Institute (SAHMRI),SA,849540.0,2017
685,Monash University,VIC,707370.0,2017
686,Victor Chang Cardiac Research Institute,NSW,774540.0,2017
687,University of New South Wales,NSW,849540.0,2017
688,La Trobe University,VIC,782370.0,2017
689,University of Queensland,QLD,640210.0,2017
690,University of Western Australia,WA,640210.0,2017
691,University of Sydney,NSW,849540.0,2017
692,Baker Heart and Diabetes Institute,VIC,951005.0,2017
693,Murdoch Childrens Research Institute,VIC,951005.0,2017
694,University of Queensland,QLD,707370.0,2017
695,University of Melbourne,VIC,782370.0,2017
696,Walter and Eliza Hall Institute,VIC,640210.0,2017
697,Australian National University,ACT,849540.0,2017
698,University of Queensland,QLD,640210.0,2017
699,Monash University,VIC,715210.0,2017
700,University of Sydney,NSW,640210.0,2017
701,Monash University,VIC,782370.0,2017
702,University of New South Wales,NSW,774540.0,2017
703,University of Melbourne,VIC,707370.0,2017
704,University of Sydney,NSW,951005.0,2017
705,Deakin University,VIC,640210.0,2017
706,University of Melbourne,VIC,849540.0,2017
707,University of Melbourne,VIC,640210.0,2017
708,Curtin University of Technology,WA,774540.0,2017
709,The George Institute for International Health,NSW,782370.0,2017
710,University of Newcastle,NSW,876005.0,2017
711,University of Western Australia,WA,640210.0,2017
712,University of Melbourne,VIC,640210.0,2017
713,Monash University,VIC,876005.0,2017
714,University of Queensland,QLD,876005.0,2017
715,University of Melbourne,VIC,707370.0,2017
716,University of Melbourne,VIC,849540.0,2017
717,Monash University,VIC,774540.0,2017
718,University of Melbourne,VIC,774540.0,2017
719,University of Queensland,QLD,774540.0,2017
720,The George Institute for International Health,NSW,849540.0,2017
721,Macfarlane Burnet Institute for Medical Research and Public Health,VIC,782370.0,2017
722,Griffith University,QLD,782370.0,2017
723,Macfarlane Burnet Institute for Medical Research and Public Health,VIC,640210.0,2017
724,Garvan Institute of Medical Research,NSW,640210.0,2017
725,Monash University,VIC,640210.0,2017
726,University of Sydney,NSW,876005.0,2017
727,University of Sydney,NSW,876005.0,2017
728,James Cook University,QLD,849540.0,2017
729,University of Melbourne,VIC,876005.0,2017
730,University of Melbourne,VIC,640210.0,2017
731,University of South Australia,SA,707370.0,2017
732,University of New South Wales,NSW,774540.0,2017
733,Monash University,VIC,640210.0,2017
734,University of Melbourne,VIC,640210.0,2017
735,University of Queensland,QLD,707370.0,2017
736,Monash University,VIC,774540.0,2017
737,University of Technology Sydney,NSW,849540.0,2017
738,University of Sydney,NSW,782370.0,2017
739,Griffith University,QLD,774540.0,2017
740,Centre for Eye Research Australia Ltd,VIC,707370.0,2017
741,Queensland Institute of Medical Research,QLD,707370.0,2017
742,Monash University,VIC,640210.0,2017
743,Walter and Eliza Hall Institute,VIC,707370.0,2017
744,Monash University,VIC,640210.0,2017
745,Garvan Institute of Medical Research,NSW,707370.0,2017
746,Australian National University,ACT,640210.0,2017
747,Monash University,VIC,888270.0,2018
748,Murdoch Childrens Research Institute,VIC,785385.0,2018
749,University of New South Wales,NSW,649175.0,2018
750,University of Melbourne,VIC,724175.0,2018
751,QIMR Berghofer Medical Research Institute,QLD,717275.0,2018
752,Monash University,VIC,724175.0,2018
753,Monash University,VIC,792275.0,2018
754,Monash University,VIC,649175.0,2018
755,Baker Heart and Diabetes Institute,VIC,888270.0,2018
756,Monash University,VIC,717275.0,2018
757,Griffith University,QLD,792275.0,2018
758,University of Melbourne,VIC,649175.0,2018
759,Monash University,VIC,717275.0,2018
760,University of Melbourne,VIC,649175.0,2018
761,Monash University,VIC,888270.0,2018
762,University of Melbourne,VIC,888270.0,2018
763,University of Melbourne,VIC,785385.0,2018
764,University of Newcastle,NSW,792275.0,2018
765,University of Newcastle,NSW,724175.0,2018
766,University of Western Australia,WA,717275.0,2018
767,University of Melbourne,VIC,785385.0,2018
768,QIMR Berghofer Medical Research Institute,QLD,649175.0,2018
769,Bond University,QLD,649175.0,2018
770,University of Western Australia,WA,792275.0,2018
771,Monash University,VIC,649175.0,2018
772,Swinburne University of Technology,VIC,649175.0,2018
773,University of Sydney,NSW,785385.0,2018
774,Florey Institute of Neuroscience and Mental Health,VIC,649175.0,2018
775,QIMR Berghofer Medical Research Institute,QLD,724175.0,2018
776,St Vincents Institute of Medical Research,VIC,649175.0,2018
777,University of Newcastle,NSW,649175.0,2018
778,University of New South Wales,NSW,649175.0,2018
779,RMIT University,VIC,792275.0,2018
780,Monash University,VIC,792275.0,2018
781,Florey Institute of Neuroscience and Mental Health,VIC,649175.0,2018
782,University of Adelaide,SA,860385.0,2018
783,Monash University,VIC,888270.0,2018
784,University of Western Australia,WA,649175.0,2018
785,Walter and Eliza Hall Institute of Medical Research,VIC,717275.0,2018
786,Walter and Eliza Hall Institute of Medical Research,VIC,785385.0,2018
787,Monash University,VIC,649175.0,2018
788,Monash University,VIC,649175.0,2018
789,Walter and Eliza Hall Institute of Medical Research,VIC,785385.0,2018
790,University of New South Wales,NSW,888270.0,2018
791,Deakin University,VIC,792275.0,2018
792,University of New South Wales,NSW,649175.0,2018
793,Monash University,VIC,649175.0,2018
794,South Australian Health and Medical Research Institute,SA,649175.0,2018
795,University of Queensland,QLD,649175.0,2018
796,University of Adelaide,SA,963270.0,2018
797,Murdoch Childrens Research Institute,VIC,860385.0,2018
798,Monash University,VIC,717275.0,2018
799,Walter and Eliza Hall Institute of Medical Research,VIC,888270.0,2018
800,Monash University,VIC,649175.0,2018
801,QIMR Berghofer Medical Research Institute,QLD,888270.0,2018
802,University of Melbourne,VIC,963270.0,2018
803,University of New South Wales,NSW,963270.0,2018
804,Garvan Institute of Medical Research,NSW,649175.0,2018
805,University of Queensland,QLD,717275.0,2018
806,University of New South Wales,NSW,785385.0,2018
807,University of Melbourne,VIC,785385.0,2018
808,Walter and Eliza Hall Institute of Medical Research,VIC,785385.0,2018
809,Deakin University,VIC,888270.0,2018
810,Walter and Eliza Hall Institute of Medical Research,VIC,649175.0,2018
811,University of New South Wales,NSW,963270.0,2018
812,Australian National University,ACT,327192.0,2018
813,University of Sydney,NSW,327192.0,2018
814,Deakin University,VIC,327192.0,2018
815,University of South Australia,SA,327192.0,2018
816,Garvan Institute of Medical Research,NSW,888270.0,2018
817,Monash University,VIC,261753.6,2018
818,Monash University,VIC,327192.0,2018
819,University of Queensland,QLD,888270.0,2018
820,University of Adelaide,SA,261753.6,2018
821,University of Technology Sydney,NSW,327192.0,2018
822,Garvan Institute of Medical Research,NSW,417192.0,2018
823,Curtin University,WA,327192.0,2018
824,La Trobe University,VIC,261753.6,2018
825,University of South Australia,SA,649175.0,2018
826,Edith Cowan University,WA,327192.0,2018
827,University of Melbourne,VIC,417192.0,2018
828,University of Melbourne,VIC,327192.0,2018
829,Monash University,VIC,163596.0,2018
830,Deakin University,VIC,417192.0,2018
831,University of South Australia,SA,327192.0,2018
832,Griffith University,QLD,327192.0,2018
833,University of Queensland,QLD,294472.8,2018
834,QIMR Berghofer Medical Research Institute,QLD,417192.0,2018
835,University of Melbourne,VIC,327192.0,2018
836,University of Adelaide,SA,327192.0,2018
837,University of Sydney,NSW,327192.0,2018
838,University of Sydney,NSW,327192.0,2018
839,University of Queensland,QLD,417192.0,2018
840,University of Queensland,QLD,232315.2,2018
841,University of Tasmania,TAS,327192.0,2018
842,University of Melbourne,VIC,417192.0,2018
843,Victoria University,VIC,327192.0,2018
844,Queensland University of Technology,QLD,327192.0,2018
845,Garvan Institute of Medical Research,NSW,717275.0,2018
846,Walter and Eliza Hall Institute of Medical Research,VIC,327192.0,2018
847,University of Melbourne,VIC,327192.0,2018
848,University of New South Wales,NSW,649175.0,2018
849,Monash University,VIC,785385.0,2018
850,Deakin University,VIC,327192.0,2018
851,Walter and Eliza Hall Institute of Medical Research,VIC,649175.0,2018
852,University of New South Wales,NSW,357192.0,2018
853,University of Sydney,NSW,193596.0,2018
854,University of New South Wales,NSW,417192.0,2018
855,University of Queensland,QLD,327192.0,2018
856,Monash University,VIC,327192.0,2018
857,University of New South Wales,NSW,327192.0,2018
858,University of New South Wales,NSW,193596.0,2018
859,University of Western Sydney,NSW,261753.6,2018
860,University of South Australia,SA,417192.0,2018
861,University of Western Australia,WA,327192.0,2018
862,University of Sydney,NSW,261753.6,2018
863,Australian National University,ACT,327192.0,2018
864,Deakin University,VIC,327192.0,2018
865,University of Melbourne,VIC,483404.0,2018
866,Garvan Institute of Medical Research,NSW,483404.0,2018
867,Walter and Eliza Hall Institute of Medical Research,VIC,417192.0,2018
868,University of New South Wales,NSW,327192.0,2018
869,University of Tasmania,TAS,327192.0,2018
870,University of Newcastle,NSW,338192.0,2018
871,Walter and Eliza Hall Institute of Medical Research,VIC,437036.0,2018
872,Murdoch Childrens Research Institute,VIC,437036.0,2018
873,Australian National University,ACT,483404.0,2018
874,University of Sydney,NSW,437036.0,2018
875,University of New South Wales,NSW,327192.0,2018
876,University of Melbourne,VIC,327192.0,2018
877,University of Sydney,NSW,327192.0,2018
878,University of Sydney,NSW,232315.2,2018
879,University of New South Wales,NSW,262220.0,2018
880,Baker Heart and Diabetes Institute,VIC,649175.0,2018
881,University of Sydney,NSW,437036.0,2018
882,University of Melbourne,VIC,357192.0,2018
883,University of Newcastle,NSW,483404.0,2018
884,University of Technology Sydney,NSW,327192.0,2018
885,Monash University,VIC,437036.0,2018
886,Monash University,VIC,437036.0,2018
887,University of Melbourne,VIC,483404.0,2018
888,Monash University,VIC,649175.0,2018
889,Monash University,VIC,483404.0,2018
890,University of New South Wales,NSW,437036.0,2018
891,Florey Institute of Neuroscience and Mental Health,VIC,437036.0,2018
892,Murdoch Childrens Research Institute,VIC,305924.0,2018
893,Murdoch Childrens Research Institute,VIC,417192.0,2018
894,University of Melbourne,VIC,483404.0,2018
895,Walter and Eliza Hall Institute of Medical Research,VIC,483404.0,2018
896,Cancer Council NSW,NSW,327192.0,2018
897,Flinders University,SA,437036.0,2018
898,University of Melbourne,VIC,483404.0,2018
899,James Cook University,QLD,437036.0,2018
900,University of Newcastle,NSW,417192.0,2018
901,University of Sydney,NSW,888270.0,2018
902,University of Sydney,NSW,437036.0,2018
903,Monash University,VIC,483404.0,2018
904,QIMR Berghofer Medical Research Institute,QLD,483404.0,2018
905,Monash University,VIC,417192.0,2018
906,Monash University,VIC,193596.0,2018
907,University of Western Australia,WA,417192.0,2018
908,University of Adelaide,SA,327192.0,2018
909,Murdoch Childrens Research Institute,VIC,483404.0,2018
910,Monash University,VIC,483404.0,2018
911,University of Melbourne,VIC,232315.2,2018
912,University of Melbourne,VIC,327192.0,2018
913,University of Western Australia,WA,437036.0,2018
914,Menzies School of Health Research,NT,290044.0,2018
915,University of Melbourne,VIC,327192.0,2018
916,University of Newcastle,NSW,327192.0,2018
917,University of New South Wales,NSW,483404.0,2018
918,University of Technology Sydney,NSW,327192.0,2018
919,Monash University,VIC,327192.0,2018
920,Monash University,VIC,483404.0,2018
921,University of Queensland,QLD,437036.0,2018
922,University of New South Wales,NSW,860385.0,2018
923,Monash University,VIC,193596.0,2018
924,Macquarie University,NSW,327192.0,2018
925,Murdoch Childrens Research Institute,VIC,327192.0,2018
926,South Australian Health and Medical Research Institute,SA,483404.0,2018
927,Murdoch Childrens Research Institute,VIC,785385.0,2018
928,University of Queensland,QLD,327192.0,2018
929,Murdoch Childrens Research Institute,VIC,369192.0,2018
930,University of Melbourne,VIC,357192.0,2018
931,La Trobe University,VIC,437036.0,2018
932,Centre for Eye Research Australia,VIC,417192.0,2018
933,Monash University,VIC,193596.0,2018
934,Garvan Institute of Medical Research,NSW,649175.0,2018
935,La Trobe University,VIC,327192.0,2018
936,Monash University,VIC,327192.0,2018
937,University of Queensland,QLD,417192.0,2018
938,University of Adelaide,SA,193596.0,2018
939,University of Melbourne,VIC,348472.8,2018
940,University of Sydney,NSW,262220.0,2018
941,Monash University,VIC,327192.0,2018
942,Baker Heart and Diabetes Institute,VIC,348472.8,2018
943,University of Adelaide,SA,386724.0,2018
944,University of Melbourne,VIC,348472.8,2018
945,University of New South Wales,NSW,327192.0,2018
946,Monash University,VIC,327192.0,2018
947,University of New South Wales,NSW,327192.0,2018
948,University of Queensland,QLD,327192.0,2018
949,Burnet Institute,VIC,483404.0,2018
950,University of Queensland,QLD,327192.0,2018
951,University of Queensland,QLD,327192.0,2018
952,Murdoch Childrens Research Institute,VIC,338192.0,2018
953,Monash University,VIC,327192.0,2018
954,Australian National University,ACT,437036.0,2018
955,University of Sydney,NSW,447192.0,2018
956,University of Sydney,NSW,437036.0,2018
957,University of South Australia,SA,327192.0,2018
958,University of Adelaide,SA,327192.0,2018
959,University of Queensland,QLD,417192.0,2018
960,University of Queensland,QLD,483404.0,2018
961,Garvan Institute of Medical Research,NSW,483404.0,2018
962,Royal Brisbane and Women's Hospital Foundation,QLD,193596.0,2018
963,Florey Institute of Neuroscience and Mental Health,VIC,437036.0,2018
964,University of Newcastle,NSW,437036.0,2018
965,University of Sydney,NSW,417192.0,2018
966,Centenary Institute of Cancer Medicine and Cell Biology,NSW,437036.0,2018
967,Garvan Institute of Medical Research,NSW,437036.0,2018
968,University of Sydney,NSW,417192.0,2018
969,University of Sydney,NSW,327192.0,2018
970,University of Adelaide,SA,417192.0,2018
971,Monash University,VIC,483404.0,2018
972,Monash University,VIC,232315.2,2018
973,University of New South Wales,NSW,437036.0,2018
974,University of New South Wales,NSW,357192.0,2018
975,Monash University,VIC,483404.0,2018
976,University of Adelaide,SA,271034.4,2018
977,University of Western Australia,WA,193596.0,2018
978,University of Queensland,QLD,193596.0,2018
979,Monash University,VIC,327192.0,2018
980,University of New South Wales,NSW,437036.0,2018
981,Monash University,VIC,417192.0,2018
982,Monash University,VIC,327192.0,2018
983,Florey Institute of Neuroscience and Mental Health,VIC,437036.0,2018
984,Monash University,VIC,327192.0,2018
985,Burnet Institute,VIC,327192.0,2018
986,University of Queensland,QLD,417192.0,2018
987,University of Notre Dame Australia,WA,327192.0,2018
988,Deakin University,VIC,290044.0,2018
989,Burnet Institute,VIC,483404.0,2018
990,University of New South Wales,NSW,483404.0,2018
991,La Trobe University,VIC,327192.0,2018
992,Monash University,VIC,437036.0,2018
993,Monash University,VIC,483404.0,2018
994,Burnet Institute,VIC,483404.0,2018
995,University of Melbourne,VIC,2196882.47,2019
996,Walter and Eliza Hall Institute of Medical Research,VIC,1354485.0,2019
997,University of Adelaide,SA,1504485.0,2019
998,Monash University,VIC,1504485.0,2019
999,University of Melbourne,VIC,2229794.5,2019
1000,University of Melbourne,VIC,2104893.2,2019
1001,Monash University,VIC,2500000.0,2019
1002,QIMR Berghofer Medical Research Institute,QLD,1632424.0,2019
1003,University of Melbourne,VIC,598140.41,2019
1004,Walter and Eliza Hall Institute of Medical Research,VIC,2078030.0,2019
1005,University of Western Australia,WA,639750.0,2019
1006,Edith Cowan University,WA,639750.0,2019
1007,University of New South Wales,NSW,2078030.0,2019
1008,QIMR Berghofer Medical Research Institute,QLD,3026595.0,2019
1009,James Cook University,QLD,561800.0,2019
1010,Monash University,VIC,639750.0,2019
1011,Australian National University,ACT,639750.0,2019
1012,QIMR Berghofer Medical Research Institute,QLD,639750.0,2019
1013,University of New South Wales,NSW,1128030.0,2019
1014,Curtin University,WA,639750.0,2019
1015,Burnet Institute,VIC,2048640.0,2019
1016,Walter and Eliza Hall Institute of Medical Research,VIC,639750.0,2019
1017,University of Melbourne,VIC,639750.0,2019
1018,University of New South Wales,NSW,2101595.0,2019
1019,University of Melbourne,VIC,2153030.0,2019
1020,Australian National University,ACT,1243588.0,2019
1021,University of Tasmania,TAS,562012.98,2019
1022,University of Western Australia,WA,1288139.5,2019
1023,QIMR Berghofer Medical Research Institute,QLD,1504485.0,2019
1024,Walter and Eliza Hall Institute of Medical Research,VIC,561800.0,2019
1025,University of Newcastle,NSW,3000000.0,2019
1026,Australian National University,ACT,639750.0,2019
1027,Monash University,VIC,1243891.0,2019
1028,Murdoch Childrens Research Institute,VIC,1331457.21,2019
1029,Walter and Eliza Hall Institute of Medical Research,VIC,1801595.0,2019
1030,QIMR Berghofer Medical Research Institute,QLD,1853030.0,2019
1031,Monash University,VIC,2007424.0,2019
1032,University of Sydney,NSW,2348640.0,2019
1033,QIMR Berghofer Medical Research Institute,QLD,602250.0,2019
1034,University of Western Australia,WA,2348640.0,2019
1035,University of New South Wales,NSW,1526912.25,2019
1036,University of Melbourne,VIC,602250.0,2019
1037,University of Wollongong,NSW,639750.0,2019
1038,University of Melbourne,VIC,2682424.0,2019
1039,University of Sydney,NSW,1499642.49,2019
1040,Monash University,VIC,1500000.0,2019
1041,University of Queensland,QLD,639750.0,2019
1042,Griffith University,QLD,1526912.25,2019
1043,Burnet Institute,VIC,639750.0,2019
1044,University of New South Wales,NSW,639750.0,2019
1045,Monash University,VIC,1454485.0,2019
1046,University of Sydney,NSW,608551.37,2019
1047,University of Adelaide,SA,583551.37,2019
1048,Monash University,VIC,2528030.0,2019
1049,La Trobe University,VIC,1393588.0,2019
1050,University of New South Wales,NSW,250000.0,2019
1051,University of Queensland,QLD,639750.0,2019
1052,University of Newcastle,NSW,1554485.0,2019
1053,Monash University,VIC,2501595.0,2019
1054,University of Queensland,QLD,2811818.0,2019
1055,Monash University,VIC,2003030.0,2019
1056,University of Sydney,NSW,639750.0,2019
1057,University of Queensland,QLD,2401595.0,2019
1058,University of Melbourne,VIC,1692950.13,2019
1059,Deakin University,VIC,639750.0,2019
1060,La Trobe University,VIC,2048640.0,2019
1061,University of Queensland,QLD,366925.0,2019
1062,University of Melbourne,VIC,2482424.0,2019
1063,University of Western Australia,WA,1761301.35,2019
1064,QIMR Berghofer Medical Research Institute,QLD,2548640.0,2019
1065,Monash University,VIC,2003030.0,2019
1066,University of Newcastle,NSW,627250.0,2019
1067,University of Western Australia,WA,3103030.0,2019
1068,University of New South Wales,NSW,2772580.95,2019
1069,University of Queensland,QLD,2000000.0,2019
1070,Monash University,VIC,1448640.0,2019
1071,University of New South Wales,NSW,3451595.0,2019
1072,South Australian Health and Medical Research Institute,SA,975000.0,2019
1073,Walter and Eliza Hall Institute of Medical Research,VIC,1301595.0,2019
1074,Baker Heart and Diabetes Institute,VIC,2348640.0,2019
1075,QIMR Berghofer Medical Research Institute,QLD,2101595.0,2019
1076,Curtin University,WA,1454485.0,2019
1077,University of New South Wales,NSW,639750.0,2019
1078,University of New South Wales,NSW,444875.0,2019
1079,Macquarie University,NSW,2500000.0,2019
1080,Monash University,VIC,639750.0,2019
1081,Deakin University,VIC,1188332.2,2019
1082,Griffith University,QLD,1501595.0,2019
1083,Baker Heart and Diabetes Institute,VIC,2501595.0,2019
1084,University of New South Wales,NSW,1248640.0,2019
1085,University of Queensland,QLD,614750.0,2019
1086,Monash University,VIC,625480.46,2019
1087,Monash University,VIC,639750.0,2019
1088,Curtin University,WA,1204485.0,2019
1089,University of Melbourne,VIC,632475.41,2019
1090,University of Sydney,NSW,1504485.0,2019
1091,University of New South Wales,NSW,639750.0,2019
1092,University of Melbourne,VIC,2251595.0,2019
1093,University of Melbourne,VIC,1554485.0,2019
1094,University of Melbourne,VIC,2848640.0,2019
1095,University of Western Australia,WA,2178912.0,2019
1096,Monash University,VIC,2009184.0,2019
1097,University of Melbourne,VIC,1915697.25,2019
1098,University of Sydney,NSW,1404485.0,2019
1099,University of Melbourne,VIC,1393588.0,2019
1100,University of New South Wales,NSW,1404485.0,2019
1101,Monash University,VIC,1864015.0,2019
1102,Queensland University of Technology,QLD,639750.0,2019
1103,Curtin University,WA,639750.0,2019
1104,Menzies School of Health Research,NT,1229724.61,2019
1105,Curtin University,WA,2153030.0,2019
1106,University of Adelaide,SA,2401595.0,2019
1107,Monash University,VIC,1443588.0,2019
1108,Walter and Eliza Hall Institute of Medical Research,VIC,2009184.0,2019
1109,University of Sydney,NSW,2428030.0,2019
1110,University of Adelaide,SA,2078030.0,2019
1111,Walter and Eliza Hall Institute of Medical Research,VIC,2048640.0,2019
1112,University of Queensland,QLD,639750.0,2019
1113,Deakin University,VIC,2003030.0,2019
1114,University of Technology Sydney,NSW,1875000.0,2019
1115,South Australian Health and Medical Research Institute,SA,650750.0,2019
1116,Deakin University,VIC,523145.34,2019
1117,Macquarie University,NSW,950000.0,2019
1118,Australian National University,ACT,639750.0,2019
1119,Centre for Eye Research Australia,VIC,2748640.0,2019
1120,University of New South Wales,NSW,1132691.0,2019
1121,Monash University,VIC,1973640.0,2019
1122,University of New South Wales,NSW,1914608.69,2019
1123,University of Melbourne,VIC,1701595.0,2019
1124,Bond University,QLD,2701595.0,2019
1125,University of Western Australia,WA,1244044.05,2019
1126,Monash University,VIC,639750.0,2019
1127,University of Melbourne,VIC,639750.0,2019
1128,Monash University,VIC,483850.0,2019
1129,Murdoch Childrens Research Institute,VIC,587783.33,2019
1130,Murdoch Childrens Research Institute,VIC,2582538.2,2019
1131,University of Melbourne,VIC,639750.0,2019
1132,Monash University,VIC,3451595.0,2019
1133,University of Melbourne,VIC,1237808.22,2019
1134,University of New South Wales,NSW,3103030.0,2019
1135,University of Sydney,NSW,639750.0,2019
1136,University of Queensland,QLD,639750.0,2019
1137,University of Queensland,QLD,639750.0,2019
1138,University of Queensland,QLD,552830.41,2019
1139,Monash University,VIC,602250.0,2019
1140,University of New South Wales,NSW,1401595.0,2019
1141,University of Melbourne,VIC,1600000.0,2019
1142,University of Melbourne,VIC,2678912.0,2019
1143,University of Sydney,NSW,366925.0,2019
1144,Walter and Eliza Hall Institute of Medical Research,VIC,2276595.0,2019
1145,Monash University,VIC,1900000.0,2019
1146,University of Sydney,NSW,2281382.33,2019
1147,University of Adelaide,SA,1500000.0,2019
1148,Flinders University,SA,639750.0,2019
1149,Monash University,VIC,2228030.0,2019
1150,University of New South Wales,NSW,2228030.0,2019
1151,University of Queensland,QLD,639750.0,2019
1152,Monash University,VIC,1600000.0,2019
1153,Monash University,VIC,639750.0,2019
1154,Monash University,VIC,639750.0,2019
1155,University of Queensland,QLD,2048640.0,2019
1156,Monash University,VIC,627250.0,2019
1157,University of Sydney,NSW,1636818.0,2019
1158,University of New South Wales,NSW,2648640.0,2019
1159,Australian National University,ACT,1465485.0,2019
1160,University of New South Wales,NSW,639750.0,2019
1161,Queensland University of Technology,QLD,561800.0,2019
1162,Monash University,VIC,639750.0,2019
1163,University of Queensland,QLD,2448640.0,2019
1164,University of New South Wales,NSW,639750.0,2019
1165,University of Tasmania,TAS,1241553.67,2019
1166,Monash University,VIC,2848640.0,2019
1167,Monash University,VIC,2801595.0,2019
1168,University of Tasmania,TAS,1449339.5,2019
1169,University of Wollongong,NSW,1500000.0,2019
1170,Monash University,VIC,561800.0,2019
1171,University of Melbourne,VIC,1443588.0,2019
1172,Walter and Eliza Hall Institute of Medical Research,VIC,1554485.0,2019
1173,Walter and Eliza Hall Institute of Medical Research,VIC,639750.0,2019
1174,Walter and Eliza Hall Institute of Medical Research,VIC,2101595.0,2019
1175,University of Sydney,NSW,2101595.0,2019
1176,Macquarie University,NSW,1350000.0,2019
1177,Macquarie University,NSW,1243588.0,2019
1178,University of Melbourne,VIC,1504485.0,2019
1179,Menzies School of Health Research,NT,1978151.87,2019
1180,Macquarie University,NSW,2401595.0,2019
1181,University of New South Wales,NSW,2701595.0,2019
1182,University of New South Wales,NSW,1500000.0,2019
1183,University of Queensland,QLD,2078030.0,2019
1184,University of New South Wales,NSW,1500000.0,2019
1185,University of Melbourne,VIC,2853030.0,2019
1186,Walter and Eliza Hall Institute of Medical Research,VIC,2003030.0,2019
1187,University of Wollongong,NSW,2000000.0,2019
1188,Baker Heart and Diabetes Institute,VIC,523145.34,2019
1189,Deakin University,VIC,2448640.0,2019
1190,Macquarie University,NSW,2198640.0,2019
1191,University of Melbourne,VIC,1554485.0,2019
1192,University of Melbourne,VIC,639750.0,2019
1193,University of Melbourne,VIC,632934.7,2019
1194,Walter and Eliza Hall Institute of Medical Research,VIC,2282424.0,2019
1195,Centre for Eye Research Australia,VIC,620368.99,2019
1196,Monash University,VIC,1425000.0,2019
1197,University of Newcastle,NSW,1399339.5,2019
1198,University of Sydney,NSW,2339456.0,2019
1199,University of Melbourne,VIC,1800000.0,2019
1200,University of Queensland,QLD,2198640.0,2019
1201,University of Newcastle,NSW,1515540.13,2019
1202,University of Wollongong,NSW,639750.0,2019
1203,University of Melbourne,VIC,1237909.66,2019
1204,University of Melbourne,VIC,1454485.0,2019
1205,University of Queensland,QLD,639750.0,2019
1206,University of Sydney,NSW,1700000.0,2019
1207,University of Melbourne,VIC,1443588.0,2019
1208,University of Melbourne,VIC,1213344.98,2019
1209,University of Technology Sydney,NSW,639750.0,2019
1210,Walter and Eliza Hall Institute of Medical Research,VIC,639750.0,2019
1211,QIMR Berghofer Medical Research Institute,QLD,2078030.0,2019
1212,University of New South Wales,NSW,405900.0,2019
1213,Walter and Eliza Hall Institute of Medical Research,VIC,444875.0,2019
1214,Monash University,VIC,2401595.0,2019
1215,University of Queensland,QLD,1624320.0,2019
1216,Monash University,VIC,1973640.0,2019
1217,University of Melbourne,VIC,639750.0,2019
1218,University of New South Wales,NSW,639750.0,2019
1219,University of Sydney,NSW,2721276.0,2019
1220,La Trobe University,VIC,2641276.0,2019
1221,University of Queensland,QLD,549152.73,2019
1222,University of Sydney,NSW,2176595.0,2019
1223,University of New South Wales,NSW,2401595.0,2019
1224,University of Melbourne,VIC,639750.0,2019
1225,Walter and Eliza Hall Institute of Medical Research,VIC,3728030.0,2019
1226,University of Melbourne,VIC,639750.0,2019
1227,University of Melbourne,VIC,639750.0,2019
1228,University of Queensland,QLD,444875.0,2019
1229,University of Melbourne,VIC,639750.0,2019
1230,University of Melbourne,VIC,639750.0,2019
1231,University of South Australia,SA,2465352.32,2019
1232,University of Western Australia,WA,3355624.83,2019
1233,University of Melbourne,VIC,522825.0,2019
1234,Monash University,VIC,639750.0,2019
1235,University of Melbourne,VIC,1200000.0,2019
1236,University of Melbourne,VIC,2700000.0,2019
1237,University of Sydney,NSW,552616.85,2019
1238,University of Adelaide,SA,625750.0,2019
1239,University of New South Wales,NSW,1554485.0,2019
1240,Monash University,VIC,1454485.0,2019
1241,Monash University,VIC,2116312.0,2020
1242,University of Melbourne,VIC,1487455.48,2020
1243,University of Sydney,NSW,607263.74,2020
1244,University of Melbourne,VIC,2285520.0,2020
1245,University of Melbourne,VIC,1900000.0,2020
1246,University of Sydney,NSW,1800000.0,2020
1247,University of Melbourne,VIC,2590576.0,2020
1248,University of Melbourne,VIC,950000.0,2020
1249,University of New South Wales,NSW,2305159.88,2020
1250,University of South Australia,SA,1337350.0,2020
1251,Australian National University,ACT,1562250.0,2020
1252,University of Melbourne,VIC,1855260.0,2020
1253,University of Queensland,QLD,2714215.0,2020
1254,University of Sydney,NSW,1287350.0,2020
1255,University of Sydney,NSW,1000105.48,2020
1256,Monash University,VIC,1562250.0,2020
1257,University of Melbourne,VIC,2491397.92,2020
1258,University of Sydney,NSW,2114215.0,2020
1259,University of Melbourne,VIC,1814215.0,2020
1260,University of Melbourne,VIC,645205.0,2020
1261,Queensland University of Technology,QLD,1541565.07,2020
1262,University of New South Wales,NSW,645205.0,2020
1263,University of New South Wales,NSW,645205.0,2020
1264,QIMR Berghofer Medical Research Institute,QLD,645205.0,2020
1265,University of Sydney,NSW,645205.0,2020
1266,University of Sydney,NSW,645205.0,2020
1267,University of New South Wales,NSW,645205.0,2020
1268,University of Queensland,QLD,3414215.0,2020
1269,Monash University,VIC,2981372.0,2020
1270,Walter and Eliza Hall Institute of Medical Research,VIC,645205.0,2020
1271,Victoria University,VIC,1449800.0,2020
1272,University of Sydney,NSW,2339215.0,2020
1273,University of Western Australia,WA,645205.0,2020
1274,Monash University,VIC,2500000.0,2020
1275,Burnet Institute,VIC,1562250.0,2020
1276,University of Melbourne,VIC,2231372.0,2020
1277,University of New South Wales,NSW,900000.0,2020
1278,Monash University,VIC,645205.0,2020
1279,University of Sydney,NSW,2514215.0,2020
1280,Macquarie University,NSW,645205.0,2020
1281,Burnet Institute,VIC,2114215.0,2020
1282,University of Melbourne,VIC,2210520.0,2020
1283,Baker Heart and Diabetes Institute,VIC,2163220.0,2020
1284,Walter and Eliza Hall Institute of Medical Research,VIC,2538220.0,2020
1285,University of Queensland,QLD,2508156.0,2020
1286,Walter and Eliza Hall Institute of Medical Research,VIC,1940576.0,2020
1287,University of New South Wales,NSW,1337350.0,2020
1288,Walter and Eliza Hall Institute of Medical Research,VIC,645205.0,2020
1289,University of Sydney,NSW,645205.0,2020
1290,University of Melbourne,VIC,1449800.0,2020
1291,University of Queensland,QLD,1788220.0,2020
1292,University of Sydney,NSW,1851429.69,2020
1293,University of Melbourne,VIC,645205.0,2020
1294,QIMR Berghofer Medical Research Institute,QLD,2714215.0,2020
1295,University of South Australia,SA,2738220.0,2020
1296,University of Melbourne,VIC,2088220.0,2020
1297,University of Melbourne,VIC,3138220.0,2020
1298,Monash University,VIC,2914215.0,2020
1299,University of Queensland,QLD,2511960.4,2020
1300,Murdoch Childrens Research Institute,VIC,645205.0,2020
1301,University of Sydney,NSW,2060520.0,2020
1302,Walter and Eliza Hall Institute of Medical Research,VIC,3231372.0,2020
1303,Walter and Eliza Hall Institute of Medical Research,VIC,3314215.0,2020
1304,Deakin University,VIC,1783164.7,2020
1305,University of Adelaide,SA,279725.46,2020
1306,University of Queensland,QLD,1231125.0,2020
1307,Baker Heart and Diabetes Institute,VIC,606009.33,2020
1308,Centre for Eye Research Australia,VIC,2156372.0,2020
1309,Menzies School of Health Research,NT,1050000.0,2020
1310,Monash University,VIC,1719110.0,2020
1311,Cancer Council NSW,NSW,2125000.0,2020
1312,Murdoch Childrens Research Institute,VIC,368561.5,2020
1313,Menzies School of Health Research,NT,2567932.0,2020
1314,Menzies School of Health Research,NT,566164.0,2020
1315,University of Sydney,NSW,1074900.0,2020
1316,Menzies School of Health Research,NT,358751.75,2020
1317,University of Melbourne,VIC,645205.0,2020
1318,University of Sydney,NSW,2510793.24,2020
1319,University of Sydney,NSW,1562250.0,2020
1320,University of Melbourne,VIC,606009.33,2020
1321,University of Melbourne,VIC,645205.0,2020
1322,Cancer Council NSW,NSW,645205.0,2020
1323,Monash University,VIC,1412250.0,2020
1324,Macquarie University,NSW,1512250.0,2020
1325,Monash University,VIC,2889164.1,2020
1326,University of Melbourne,VIC,1562250.0,2020
1327,Monash University,VIC,645205.0,2020
1328,QIMR Berghofer Medical Research Institute,QLD,2731372.0,2020
1329,University of Sydney,NSW,645205.0,2020
1330,University of Queensland,QLD,2339215.0,2020
1331,University of New South Wales,NSW,1000000.0,2020
1332,Deakin University,VIC,2238220.0,2020
1333,University of Sydney,NSW,2039950.5,2020
1334,Walter and Eliza Hall Institute of Medical Research,VIC,3164215.0,2020
1335,University of Sydney,NSW,1562250.0,2020
1336,University of Melbourne,VIC,2188416.0,2020
1337,University of Melbourne,VIC,1562250.0,2020
1338,University of Melbourne,VIC,645205.0,2020
1339,University of Melbourne,VIC,645205.0,2020
1340,Monash University,VIC,645205.0,2020
1341,Walter and Eliza Hall Institute of Medical Research,VIC,2163220.0,2020
1342,University of New South Wales,NSW,568292.78,2020
1343,University of Sydney,NSW,2560520.0,2020
1344,University of Melbourne,VIC,1491192.44,2020
1345,Monash University,VIC,2238220.0,2020
1346,University of Melbourne,VIC,2360520.0,2020
1347,University of New South Wales,NSW,2339215.0,2020
1348,University of Sydney,NSW,1338220.0,2020
1349,Deakin University,VIC,566164.0,2020
1350,Monash University,VIC,645205.0,2020
1351,University of Melbourne,VIC,487123.0,2020
1352,Deakin University,VIC,606009.33,2020
1353,University of Sydney,NSW,1155134.51,2020
1354,University of Adelaide,SA,1449800.0,2020
1355,University of Queensland,QLD,1431623.15,2020
1356,Monash University,VIC,2238220.0,2020
1357,University of South Australia,SA,1544073.15,2020
1358,University of Sydney,NSW,2173544.91,2020
1359,Monash University,VIC,447602.5,2020
1360,QIMR Berghofer Medical Research Institute,QLD,2231372.0,2020
1361,St Vincents Institute of Medical Research,VIC,1312250.0,2020
1362,University of Queensland,QLD,2088220.0,2020
1363,University of New South Wales,NSW,2060520.0,2020
1364,University of Adelaide,SA,645205.0,2020
1365,University of Melbourne,VIC,645205.0,2020
1366,University of New South Wales,NSW,2814215.0,2020
1367,University of Western Sydney,NSW,1562250.0,2020
1368,University of Melbourne,VIC,1534522.6,2020
1369,Curtin University,WA,645205.0,2020
1370,University of New South Wales,NSW,1512250.0,2020
1371,University of Technology Sydney,NSW,645205.0,2020
1372,University of New South Wales,NSW,1814215.0,2020
1373,University of Sydney,NSW,2914215.0,2020
1374,University of Sydney,NSW,3738220.0,2020
1375,Burnet Institute,VIC,645205.0,2020
1376,University of Sydney,NSW,645205.0,2020
1377,Murdoch Childrens Research Institute,VIC,3515004.76,2020
1378,University of Melbourne,VIC,1281125.0,2020
1379,QIMR Berghofer Medical Research Institute,QLD,1913403.2,2020
1380,University of Queensland,QLD,408082.0,2020
1381,University of Melbourne,VIC,645205.0,2020
1382,University of Sydney,NSW,1500000.0,2020
1383,University of Melbourne,VIC,2163220.0,2020
1384,University of Sydney,NSW,645205.0,2020
1385,University of Melbourne,VIC,2027364.0,2020
1386,Monash University,VIC,645205.0,2020
1387,University of Adelaide,SA,1705260.0,2020
1388,University of New South Wales,NSW,3289215.0,2020
1389,University of Queensland,QLD,645205.0,2020
1390,University of Western Australia,WA,2060520.0,2020
1391,University of Melbourne,VIC,645205.0,2020
1392,Monash University,VIC,1425000.0,2020
1393,University of Sydney,NSW,1930260.0,2020
1394,Walter and Eliza Hall Institute of Medical Research,VIC,645205.0,2020
1395,University of Melbourne,VIC,2013220.0,2020
1396,Flinders University,SA,2090576.0,2020
1397,University of Western Sydney,NSW,606009.33,2020
1398,University of New South Wales,NSW,553664.0,2020
1399,Australian Catholic University,NSW,1350000.0,2020
1400,Monash University,VIC,595205.0,2020
1401,Monash University,VIC,1462250.0,2020
1402,University of Sydney,NSW,645205.0,2020
1403,Murdoch University,WA,645205.0,2020
1404,University of Sydney,NSW,1731372.0,2020
1405,University of Melbourne,VIC,1714215.0,2020
1406,University of Newcastle,NSW,1123450.0,2020
1407,University of Sydney,NSW,501205.1,2020
1408,Griffith University,QLD,2000000.0,2020
1409,Curtin University,WA,645205.0,2020
1410,University of New South Wales,NSW,447602.5,2020
1411,Griffith University,QLD,1512250.0,2020
1412,University of Melbourne,VIC,1425280.14,2020
1413,University of Western Australia,WA,1562250.0,2020
1414,University of Sydney,NSW,645205.0,2020
1415,University of Melbourne,VIC,3000000.0,2020
1416,University of New South Wales,NSW,3764215.0,2020
1417,University of Sydney,NSW,645205.0,2020
1418,University of Melbourne,VIC,2258892.29,2020
1419,University of Melbourne,VIC,1544066.26,2020
1420,University of Sydney,NSW,645205.0,2020
1421,George Institute for Global Health,NSW,645205.0,2020
1422,University of Adelaide,SA,2360520.0,2020
1423,University of Melbourne,VIC,1562250.0,2020
1424,University of Queensland,QLD,645205.0,2020
1425,University of Queensland,QLD,2760520.0,2020
1426,University of Melbourne,VIC,620205.0,2020
1427,Monash University,VIC,2195288.0,2020
1428,University of Sydney,NSW,645205.0,2020
1429,University of Melbourne,VIC,645205.0,2020
1430,Walter and Eliza Hall Institute of Medical Research,VIC,1562250.0,2020
1431,Deakin University,VIC,632428.51,2020
1432,Monash University,VIC,1512250.0,2020
1433,Australian National University,ACT,2331372.0,2020
1434,Murdoch Childrens Research Institute,VIC,2331372.0,2020
1435,Monash University,VIC,2613220.0,2020
1436,Monash University,VIC,645205.0,2020
1437,University of Newcastle,NSW,2738220.0,2020
1438,Baker Heart and Diabetes Institute,VIC,645205.0,2020
1439,University of Wollongong,NSW,1050000.0,2020
1440,University of New South Wales,NSW,600715.44,2020
1441,Murdoch Childrens Research Institute,VIC,2410857.16,2020
1442,University of Melbourne,VIC,462643.5,2020
1443,University of Newcastle,NSW,2090576.0,2020
1444,University of Melbourne,VIC,645205.0,2020
1445,University of South Australia,SA,2194658.35,2020
1446,Baker Heart and Diabetes Institute,VIC,645205.0,2020
1447,University of Melbourne,VIC,2914215.0,2020
1448,University of Melbourne,VIC,1850924.92,2020
1449,University of New South Wales,NSW,645205.0,2020
1450,University of Melbourne,VIC,570205.0,2020
1451,Murdoch University,WA,632705.0,2020
1452,University of Sydney,NSW,3292932.0,2020
1453,University of Queensland,QLD,645205.0,2020
1454,University of Sydney,NSW,566164.0,2020
1455,University of Sydney,NSW,645205.0,2020
1456,Monash University,VIC,2182124.11,2020
1457,ANZAC Research Institute,NSW,3164215.0,2020
1458,University of Queensland,QLD,2414215.0,2020
1459,Monash University,VIC,645205.0,2020
1460,Monash University,VIC,2163244.69,2020
1461,University of Sydney,NSW,2414215.0,2020
1462,Deakin University,VIC,1562250.0,2020
1463,University of Melbourne,VIC,1938013.7,2020
1464,University of Sydney,NSW,1500000.0,2020
1465,University of Queensland,QLD,645205.0,2020
1466,University of New South Wales,NSW,1714215.0,2020
1467,University of Queensland,QLD,447602.5,2020
1468,Burnet Institute,VIC,2000000.0,2020
1469,University of Queensland,QLD,2088220.0,2020
1470,University of Queensland,QLD,645205.0,2020
1471,University of Sydney,NSW,1500000.0,2020
1472,University of Melbourne,VIC,1957107.5,2020
1473,Monash University,VIC,2700000.0,2020
1474,Monash University,VIC,1562250.0,2020
1475,Flinders University,SA,2163220.0,2020
1476,University of Melbourne,VIC,645205.0,2020
1477,University of Adelaide,SA,3560520.0,2020
